Comunidad;Provincia;Poblaci¢n;Latitud;Longitud;Altitud;Habitantes;Hombres;Mujeres
Castilla Le¢n;Burgos;Abajas;42,62347;-3,580227;837,949;26;16;10
Castilla Le¢n;Burgos;Adrada de Haza;41,59426;-3,821794;824,687;252;140;112
Castilla Le¢n;Burgos;Aguas C†ndidas;42,71609;-3,501816;712,041;61;39;22
Castilla Le¢n;Burgos;Aguilar de Bureba;42,59014;-3,328738;689,226;70;43;27
Castilla Le¢n;Burgos;Albillos;42,27642;-3,790607;832,9681;212;111;101
Castilla Le¢n;Burgos;Alcocero de Mola;42,47314;-3,357422;799,6028;41;26;15
Castilla Le¢n;Burgos;Alfoz de Bricia;42,89667;-3,879167;847,3563;97;51;46
Castilla Le¢n;Burgos;Alfoz de Quintanadue§as;42,38503;-3,734942;847,4794;1787;967;820
Castilla Le¢n;Burgos;Alfoz de Santa Gadea;42,95555;-3,950556;882,3184;115;67;48
Castilla Le¢n;Burgos;Altable;42,60335;-3,077159;711,29;54;32;22
Castilla Le¢n;Burgos;Altos (Los);42,80861;-3,631667;1026,667;205;117;88
Castilla Le¢n;Burgos;Ameyugo;42,65606;-3,061546;553,5253;97;54;43
Castilla Le¢n;Burgos;Anguix;41,75338;-3,931955;814,4943;157;91;66
Castilla Le¢n;Burgos;Aranda de Duero;41,67171;-3,686569;805,1658;32928;16444;16484
Castilla Le¢n;Burgos;Arandilla;41,73776;-3,428753;885,0873;182;112;70
Castilla Le¢n;Burgos;Arauzo de Miel;41,86012;-3,38779;1003,22;338;186;152
Castilla Le¢n;Burgos;Arauzo de Salce;41,81974;-3,412258;944,5539;69;39;30
Castilla Le¢n;Burgos;Arauzo de Torre;41,79853;-3,422723;922,907;96;53;43
Castilla Le¢n;Burgos;Arcos;42,26453;-3,755465;851,1382;1071;587;484
Castilla Le¢n;Burgos;Arenillas de Riopisuerga;42,35673;-4,233235;788,459;186;107;79
Castilla Le¢n;Burgos;Arija;42,99424;-3,944695;844,3306;185;96;89
Castilla Le¢n;Burgos;Arlanz¢n;42,3228;-3,458243;995,9109;438;245;193
Castilla Le¢n;Burgos;Arraya de Oca;42,41536;-3,397841;926,2366;48;26;22
Castilla Le¢n;Burgos;Atapuerca;42,37701;-3,507772;953,9974;208;119;89
Castilla Le¢n;Burgos;Ausines (Los);42,22558;-3,597602;914,6774;143;81;62
Castilla Le¢n;Burgos;Avellanosa de Mu§¢;41,98373;-3,824701;870,7616;136;70;66
Castilla Le¢n;Burgos;Bahab¢n de Esgueva;41,86199;-3,729234;916,0064;118;69;49
Castilla Le¢n;Burgos;Balbases (Los);42,215;-4,062593;811,7905;373;207;166
Castilla Le¢n;Burgos;Ba§os de Valdearados;41,76987;-3,556313;870,1116;400;235;165
Castilla Le¢n;Burgos;Ba§uelos de Bureba;42,50111;-3,280796;784,2388;32;21;11
Castilla Le¢n;Burgos;Barbadillo de Herreros;42,21489;-3,150055;1408,983;117;70;47
Castilla Le¢n;Burgos;Barbadillo del Mercado;42,03931;-3,358344;955,1722;154;86;68
Castilla Le¢n;Burgos;Barbadillo del Pez;42,11964;-3,228537;1053,858;87;58;29
Castilla Le¢n;Burgos;Barrio de Mu§¢;42,17502;-4,007208;782,927;30;18;12
Castilla Le¢n;Burgos;Barrios de Bureba (Los);42,64565;-3,391559;631,6701;224;134;90
Castilla Le¢n;Burgos;Barrios de Colina;42,39611;-3,459788;964,8784;65;30;35
Castilla Le¢n;Burgos;Basconcillos del Tozo;42,70267;-3,989552;910,5488;336;186;150
Castilla Le¢n;Burgos;Bascu§ana;42,42544;-3,082017;800,0485;47;31;16
Castilla Le¢n;Burgos;Belbimbre;42,16871;-4,012369;793,7833;77;41;36
Castilla Le¢n;Burgos;Belorado;42,42041;-3,189796;773,8459;2172;1133;1039
Castilla Le¢n;Burgos;Berberana;42,91988;-3,060073;620,4984;76;41;35
Castilla Le¢n;Burgos;Berlangas de Roa;41,6894;-3,87417;781,4107;202;107;95
Castilla Le¢n;Burgos;Berzosa de Bureba;42,62693;-3,266128;679,3917;41;26;15
Castilla Le¢n;Burgos;Bozo¢;42,72657;-3,08537;572,3182;108;57;51
Castilla Le¢n;Burgos;Brazacorta;41,71716;-3,367153;909,0886;73;36;37
Castilla Le¢n;Burgos;Briviesca;42,55029;-3,323369;725;7937;4094;3843
Castilla Le¢n;Burgos;Bugedo;42,64932;-3,017947;533,7709;177;114;63
Castilla Le¢n;Burgos;Buniel;42,30971;-3,823738;819,815;427;233;194
Castilla Le¢n;Burgos;Burgos;42,34087;-3,699731;865,8016;178966;86417;92549
Castilla Le¢n;Burgos;Busto de Bureba;42,65941;-3,264715;708,1784;199;113;86
Castilla Le¢n;Burgos;Caba§es de Esgueva;41,8313;-3,785393;885,2454;223;119;104
Castilla Le¢n;Burgos;Cabez¢n de la Sierra;41,93455;-3,242159;1016,805;59;26;33
Castilla Le¢n;Burgos;Caleruega;41,82503;-3,486718;955,7069;491;241;250
Castilla Le¢n;Burgos;Campillo de Aranda;41,61026;-3,730296;912,9706;203;119;84
Castilla Le¢n;Burgos;Campolara;42,11951;-3,427225;971,9648;67;42;25
Castilla Le¢n;Burgos;Canicosa de la Sierra;41,93606;-3,042048;1130,863;601;323;278
Castilla Le¢n;Burgos;Cantabrana;42,73465;-3,4672;636,0662;31;19;12
Castilla Le¢n;Burgos;Carazo;41,96952;-3,353925;1127,545;47;30;17
Castilla Le¢n;Burgos;Carcedo de Bureba;42,5783;-3,498399;751,9003;43;21;22
Castilla Le¢n;Burgos;Carcedo de Burgos;42,2861;-3,623026;989,6016;329;186;143
Castilla Le¢n;Burgos;Carde§adijo;42,2997;-3,665262;899,719;1081;596;485
Castilla Le¢n;Burgos;Carde§ajimeno;42,33102;-3,621846;924,9677;891;493;398
Castilla Le¢n;Burgos;Carde§uela Riopico;42,35997;-3,55778;926,5973;128;81;47
Castilla Le¢n;Burgos;Carrias;42,4817;-3,283208;821,5297;30;23;7
Castilla Le¢n;Burgos;Cascajares de Bureba;42,67904;-3,237395;802,5067;44;25;19
Castilla Le¢n;Burgos;Cascajares de la Sierra;42,06187;-3,39957;927,9459;34;15;19
Castilla Le¢n;Burgos;Castellanos de Castro;42,32857;-4,03372;873,9877;54;33;21
Castilla Le¢n;Burgos;Castil de Peones;42,48307;-3,38459;790,1807;27;15;12
Castilla Le¢n;Burgos;Castildelgado;42,43724;-3,084511;768,4348;59;30;29
Castilla Le¢n;Burgos;Castrillo de la Reina;41,98731;-3,237118;978,027;234;150;84
Castilla Le¢n;Burgos;Castrillo de la Vega;41,65073;-3,781646;808,438;677;360;317
Castilla Le¢n;Burgos;Castrillo de Riopisuerga;42,51493;-4,252292;816,8545;66;41;25
Castilla Le¢n;Burgos;Castrillo del Val;42,31421;-3,584872;942,9785;721;411;310
Castilla Le¢n;Burgos;Castrillo Matajud°os;42,31054;-4,173882;784,5024;63;32;31
Castilla Le¢n;Burgos;Castrojeriz;42,28828;-4,138836;816,0674;891;451;440
Castilla Le¢n;Burgos;Cavia;42,28385;-3,845257;815,5443;284;161;123
Castilla Le¢n;Burgos;Cayuela;42,27256;-3,819528;821,8987;171;93;78
Castilla Le¢n;Burgos;Cebrecos;41,9832;-3,596634;950,4548;55;33;22
Castilla Le¢n;Burgos;Celada del Camino;42,26265;-3,933845;796,4451;98;52;46
Castilla Le¢n;Burgos;Cerezo de R°o Tir¢n;42,49125;-3,135633;650,4071;653;355;298
Castilla Le¢n;Burgos;Cerrat¢n de Juarros;42,42218;-3,373947;959,26;59;37;22
Castilla Le¢n;Burgos;Ciadoncha;42,1606;-3,9348;789,7081;80;50;30
Castilla Le¢n;Burgos;Cillaperlata;42,78268;-3,358483;540,39;40;28;12
Castilla Le¢n;Burgos;Cilleruelo de Abajo;41,88422;-3,795598;915,1015;282;148;134
Castilla Le¢n;Burgos;Cilleruelo de Arriba;41,90474;-3,660519;966,1483;62;33;29
Castilla Le¢n;Burgos;Ciruelos de Cervera;41,90557;-3,530057;1019,25;119;66;53
Castilla Le¢n;Burgos;Cogollos;42,20072;-3,699386;887,1991;488;275;213
Castilla Le¢n;Burgos;Condado de Trevi§o;42,7349;-2,74691;561,0759;1432;826;606
Castilla Le¢n;Burgos;Contreras;42,02149;-3,410147;1023,346;97;59;38
Castilla Le¢n;Burgos;Coru§a del Conde;41,76587;-3,391761;907,8076;138;80;58
Castilla Le¢n;Burgos;Covarrubias;42,05919;-3,520237;895,1803;639;341;298
Castilla Le¢n;Burgos;Cubillo del Campo;42,16857;-3,610348;991,9786;102;55;47
Castilla Le¢n;Burgos;Cubo de Bureba;42,64042;-3,206735;685;116;66;50
Castilla Le¢n;Burgos;Cueva de Roa (La);41,66653;-3,939688;768,5865;112;60;52
Castilla Le¢n;Burgos;Cuevas de San Clemente;42,12992;-3,568581;1030,792;52;22;30
Castilla Le¢n;Burgos;Enc°o;42,66777;-3,084554;588,3317;45;27;18
Castilla Le¢n;Burgos;Espinosa de Cervera;41,89632;-3,468393;1030,725;107;64;43
Castilla Le¢n;Burgos;Espinosa de los Monteros;43,07687;-3,552301;753,3468;2129;1199;930
Castilla Le¢n;Burgos;Espinosa del Camino;42,40644;-3,281149;894,847;33;19;14
Castilla Le¢n;Burgos;EstÇpar;42,2767;-3,89849;810,9069;739;432;307
Castilla Le¢n;Burgos;Fontioso;41,94261;-3,739049;959,9049;64;33;31
Castilla Le¢n;Burgos;Frandov°nez;42,30937;-3,838241;823,8157;109;62;47
Castilla Le¢n;Burgos;Fresneda de la Sierra Tir¢n;42,31503;-3,13507;983,1557;125;80;45
Castilla Le¢n;Burgos;Fresne§a;42,41425;-3,134803;843,5111;107;55;52
Castilla Le¢n;Burgos;Fresnillo de las Due§as;41,64692;-3,644559;803,7737;460;245;215
Castilla Le¢n;Burgos;Fresno de R°o Tir¢n;42,4602;-3,17496;706,4641;200;115;85
Castilla Le¢n;Burgos;Fresno de Rodilla;42,42011;-3,485178;975,9765;47;31;16
Castilla Le¢n;Burgos;Fr°as;42,76148;-3,294353;552,6826;274;148;126
Castilla Le¢n;Burgos;Fuentebureba;42,63403;-3,234902;679,7742;53;25;28
Castilla Le¢n;Burgos;FuentecÇn;41,62859;-3,869621;823,7171;252;142;110
Castilla Le¢n;Burgos;FuentelcÇsped;41,59122;-3,640737;891,0616;198;100;98
Castilla Le¢n;Burgos;Fuentelisendo;41,6224;-3,901975;829,7731;100;61;39
Castilla Le¢n;Burgos;Fuentemolinos;41,60551;-3,849833;881,0905;104;64;40
Castilla Le¢n;Burgos;Fuentenebro;41,52533;-3,75369;917,0896;158;94;64
Castilla Le¢n;Burgos;Fuentespina;41,63168;-3,686191;824,6624;692;375;317
Castilla Le¢n;Burgos;Galbarros;42,5279;-3,437926;942,7526;28;22;6
Castilla Le¢n;Burgos;Gallega (La);41,89865;-3,26404;1113,472;72;41;31
Castilla Le¢n;Burgos;Grijalba;42,42995;-4,118997;813,0934;128;60;68
Castilla Le¢n;Burgos;Grisale§a;42,59092;-3,26404;743,1436;43;31;12
Castilla Le¢n;Burgos;Gumiel de Iz†n;41,7734;-3,688242;857,4003;643;365;278
Castilla Le¢n;Burgos;Gumiel de Mercado;41,75608;-3,802108;836,8545;413;226;187
Castilla Le¢n;Burgos;Hacinas;41,9852;-3,28705;999,0156;179;97;82
Castilla Le¢n;Burgos;Haza;41,62142;-3,829452;902,7407;33;19;14
Castilla Le¢n;Burgos;Hontanas;42,31303;-4,045938;864,0971;59;35;24
Castilla Le¢n;Burgos;Hontangas;41,58269;-3,796304;839,5234;123;76;47
Castilla Le¢n;Burgos;Hontoria de la Cantera;42,18913;-3,643586;942,0605;122;68;54
Castilla Le¢n;Burgos;Hontoria de Valdearados;41,74445;-3,520228;867,0024;237;153;84
Castilla Le¢n;Burgos;Hontoria del Pinar;41,8486;-3,162302;1059,013;798;452;346
Castilla Le¢n;Burgos;Hormazas (Las);42,515;-3,896111;1009,913;109;61;48
Castilla Le¢n;Burgos;Hornillos del Camino;42,33831;-3,925357;821,6969;63;35;28
Castilla Le¢n;Burgos;Horra (La);41,74088;-3,875266;807,9294;400;209;191
Castilla Le¢n;Burgos;HortigÅela;42,0681;-3,425503;937,3899;110;67;43
Castilla Le¢n;Burgos;Hoyales de Roa;41,65891;-3,862995;795,561;238;116;122
Castilla Le¢n;Burgos;HuÇrmeces;42,52169;-3,77164;886,0017;131;67;64
Castilla Le¢n;Burgos;Huerta de Arriba;42,11634;-3,082139;1206,336;150;84;66
Castilla Le¢n;Burgos;Huerta de Rey;41,83988;-3,349127;991,6105;1113;594;519
Castilla Le¢n;Burgos;Humada;42,66822;-4,083444;954,9947;153;97;56
Castilla Le¢n;Burgos;Hurones;42,40615;-3,613922;915,0182;79;49;30
Castilla Le¢n;Burgos;Ibeas de Juarros;42,33124;-3,535495;932,6844;1366;753;613
Castilla Le¢n;Burgos;Ibrillos;42,45407;-3,0831;739,1857;79;46;33
Castilla Le¢n;Burgos;Iglesiarrubia;41,97432;-3,846759;886,8805;53;30;23
Castilla Le¢n;Burgos;Iglesias;42,29795;-3,990041;850,6342;149;88;61
Castilla Le¢n;Burgos;Isar;42,36185;-3,930288;835,423;381;184;197
Castilla Le¢n;Burgos;Itero del Castillo;42,28941;-4,244414;775,8432;102;53;49
Castilla Le¢n;Burgos;Jaramillo de la Fuente;42,11487;-3,312734;1056,931;37;21;16
Castilla Le¢n;Burgos;Jaramillo Quemado;42,08483;-3,360913;975,7737;7;4;3
Castilla Le¢n;Burgos;Junta de Traslaloma;43,03695;-3,389445;674,0426;163;82;81
Castilla Le¢n;Burgos;Junta de Villalba de Losa;42,93537;-3,087131;665,9935;119;60;59
Castilla Le¢n;Burgos;Jurisdicci¢n de Lara;42,13472;-3,449722;991,6866;51;28;23
Castilla Le¢n;Burgos;Jurisdicci¢n de San Zadornil;42,84143;-3,157743;645,5733;93;48;45
Castilla Le¢n;Burgos;Lerma;42,02583;-3,75596;861,3351;2836;1396;1440
Castilla Le¢n;Burgos;Llano de Bureba;42,62436;-3,459093;643,2963;69;39;30
Castilla Le¢n;Burgos;Madrigal del Monte;42,14449;-3,675512;936,2405;188;111;77
Castilla Le¢n;Burgos;Madrigalejo del Monte;42,12458;-3,725459;893,5258;185;113;72
Castilla Le¢n;Burgos;Mahamud;42,11988;-3,94084;829,49;146;79;67
Castilla Le¢n;Burgos;Mambrilla de Castrej¢n;41,66708;-3,984727;825,6786;114;61;53
Castilla Le¢n;Burgos;Mambrillas de Lara;42,09437;-3,461727;991,4476;54;32;22
Castilla Le¢n;Burgos;Mamolar;41,92689;-3,361871;1087,678;41;23;18
Castilla Le¢n;Burgos;Manciles;42,4558;-3,944278;883,8896;31;19;12
Castilla Le¢n;Burgos;Mazuela;42,20672;-3,918213;823,2963;72;39;33
Castilla Le¢n;Burgos;Mecerreyes;42,0954;-3,573741;988,3194;276;145;131
Castilla Le¢n;Burgos;Medina de Pomar;42,92837;-3,487223;600,9326;6321;3339;2982
Castilla Le¢n;Burgos;Melgar de Fernamental;42,40352;-4,244519;804,4712;1866;998;868
Castilla Le¢n;Burgos;Merindad de Cuesta-Urria;42,9;-3,391667;914,2464;452;246;206
Castilla Le¢n;Burgos;Merindad de Montija;43,09207;-3,43402;739,4695;853;485;368
Castilla Le¢n;Burgos;Merindad de R°o Ubierna;42,61666;-3,65;965,3793;1406;781;625
Castilla Le¢n;Burgos;Merindad de Sotoscueva;43,05877;-3,642048;760,6615;495;282;213
Castilla Le¢n;Burgos;Merindad de Valdeporres;43,02056;-3,768611;754,3774;467;247;220
Castilla Le¢n;Burgos;Merindad de Valdivielso;42,82;-3,536;594,3845;442;249;193
Castilla Le¢n;Burgos;Milagros;41,57555;-3,699167;848,9799;501;273;228
Castilla Le¢n;Burgos;Miranda de Ebro;42,68734;-2,947593;465,1602;39264;19839;19425
Castilla Le¢n;Burgos;Miraveche;42,67471;-3,19961;804,4718;94;54;40
Castilla Le¢n;Burgos;Mod£bar de la Emparedada;42,26012;-3,659911;887,0018;472;266;206
Castilla Le¢n;Burgos;Monasterio de la Sierra;42,05131;-3,193589;1169,284;48;29;19
Castilla Le¢n;Burgos;Monasterio de Rodilla;42,45771;-3,468888;877,2269;200;111;89
Castilla Le¢n;Burgos;Moncalvillo;41,9552;-3,199341;1049,716;106;65;41
Castilla Le¢n;Burgos;Monterrubio de la Demanda;42,1481;-3,112634;1209,271;78;45;33
Castilla Le¢n;Burgos;Montorio;42,58467;-3,776581;945,1601;200;109;91
Castilla Le¢n;Burgos;Moradillo de Roa;41,55196;-3,791871;919,9839;193;105;88
Castilla Le¢n;Burgos;Nava de Roa;41,61383;-3,965231;785,074;248;129;119
Castilla Le¢n;Burgos;Navas de Bureba;42,68237;-3,32677;764,6017;44;20;24
Castilla Le¢n;Burgos;Nebreda;41,96859;-3,63392;916,8637;84;55;29
Castilla Le¢n;Burgos;Neila;42,05984;-2,997184;1180,486;204;112;92
Castilla Le¢n;Burgos;Olmedillo de Roa;41,78319;-3,934045;840,8633;206;112;94
Castilla Le¢n;Burgos;Olmillos de Mu§¢;42,20261;-3,940343;807,4762;45;26;19
Castilla Le¢n;Burgos;O§a;42,73478;-3,414072;585,5073;1256;650;606
Castilla Le¢n;Burgos;Oquillas;41,8317;-3,703652;913,3432;64;35;29
Castilla Le¢n;Burgos;Orbaneja Riopico;42,36023;-3,583582;911,2252;220;125;95
Castilla Le¢n;Burgos;Padilla de Abajo;42,40781;-4,176731;798,9708;90;55;35
Castilla Le¢n;Burgos;Padilla de Arriba;42,43821;-4,194777;830,7649;84;54;30
Castilla Le¢n;Burgos;Padrones de Bureba;42,7049;-3,532114;781,8212;45;26;19
Castilla Le¢n;Burgos;Palacios de la Sierra;41,96359;-3,126263;1065,092;858;446;412
Castilla Le¢n;Burgos;Palacios de Riopisuerga;42,34376;-4,256989;777,4734;35;17;18
Castilla Le¢n;Burgos;Palazuelos de la Sierra;42,21181;-3,459925;1107,045;67;40;27
Castilla Le¢n;Burgos;Palazuelos de Mu§¢;42,19647;-3,988374;786,5093;60;34;26
Castilla Le¢n;Burgos;Pampliega;42,20591;-3,987587;807,5865;381;199;182
Castilla Le¢n;Burgos;Pancorbo;42,63524;-3,110586;631,5779;538;292;246
Castilla Le¢n;Burgos;Pardilla;41,55063;-3,710233;883,9958;130;73;57
Castilla Le¢n;Burgos;Partido de la Sierra en Tobalina;42,71667;-3,233333;919,4133;85;50;35
Castilla Le¢n;Burgos;Pedrosa de Duero;41,71184;-3,987098;840,3677;521;303;218
Castilla Le¢n;Burgos;Pedrosa de R°o Èrbel;42,40971;-3,821324;844,2335;257;156;101
Castilla Le¢n;Burgos;Pedrosa del P†ramo;42,44224;-3,972769;943,9882;89;49;40
Castilla Le¢n;Burgos;Pedrosa del Pr°ncipe;42,24924;-4,198915;772,689;183;95;88
Castilla Le¢n;Burgos;Pe§aranda de Duero;41,68876;-3,480297;863,9903;578;299;279
Castilla Le¢n;Burgos;Peral de Arlanza;42,07603;-4,077512;774,4771;167;92;75
Castilla Le¢n;Burgos;PiÇrnigas;42,59008;-3,412804;742,1521;52;34;18
Castilla Le¢n;Burgos;Pineda de la Sierra;42,21596;-3,29737;1207,499;113;64;49
Castilla Le¢n;Burgos;Pineda Trasmonte;41,90881;-3,695628;951,4017;146;87;59
Castilla Le¢n;Burgos;Pinilla de los Barruecos;41,91891;-3,305166;1078,882;109;61;48
Castilla Le¢n;Burgos;Pinilla de los Moros;42,06802;-3,327312;972,2211;42;27;15
Castilla Le¢n;Burgos;Pinilla Trasmonte;41,87348;-3,620033;935,5198;198;112;86
Castilla Le¢n;Burgos;Poza de la Sal;42,66542;-3,501162;756,3673;338;163;175
Castilla Le¢n;Burgos;Pr†danos de Bureba;42,5023;-3,347642;757,1823;55;36;19
Castilla Le¢n;Burgos;Pradoluengo;42,3237;-3,200787;967,4692;1471;724;747
Castilla Le¢n;Burgos;Presencio;42,18675;-3,901966;812,668;213;119;94
Castilla Le¢n;Burgos;Puebla de Arganz¢n (La);42,76628;-2,831537;481,9095;529;285;244
Castilla Le¢n;Burgos;Puentedura;42,04167;-3,582952;863,5676;116;71;45
Castilla Le¢n;Burgos;Quemada;41,70045;-3,574928;845,9969;263;159;104
Castilla Le¢n;Burgos;Quintana del Pidio;41,7596;-3,751569;845,543;183;93;90
Castilla Le¢n;Burgos;Quintanabureba;42,58692;-3,366666;685,0708;38;21;17
Castilla Le¢n;Burgos;QuintanaÇlez;42,6687;-3,299189;706,2351;75;41;34
Castilla Le¢n;Burgos;Quintanaortu§o;42,44994;-3,683778;866,8036;233;127;106
Castilla Le¢n;Burgos;Quintanapalla;42,40835;-3,534245;926,6073;125;70;55
Castilla Le¢n;Burgos;Quintanar de la Sierra;41,98133;-3,040702;1123,957;2053;1061;992
Castilla Le¢n;Burgos;Quintanavides;42,48142;-3,424978;821,1276;102;56;46
Castilla Le¢n;Burgos;Quintanilla de la Mata;41,98862;-3,76779;879,5328;147;82;65
Castilla Le¢n;Burgos;Quintanilla del Agua y Tordueles;42,0411;-3,652041;886,2692;546;284;262
Castilla Le¢n;Burgos;Quintanilla del Coco;41,97923;-3,516723;944,5446;87;45;42
Castilla Le¢n;Burgos;Quintanilla San Garc°a;42,54919;-3,193922;728,1328;101;56;45
Castilla Le¢n;Burgos;Quintanilla Vivar;42,41479;-3,690509;847,6979;741;386;355
Castilla Le¢n;Burgos;Quintanillas (Las);42,37259;-3,843971;845,5656;396;218;178
Castilla Le¢n;Burgos;Rabanera del Pinar;41,89267;-3,19425;1089,831;138;78;60
Castilla Le¢n;Burgos;R†banos;42,3198;-3,270114;1169,908;94;53;41
Castilla Le¢n;Burgos;RabÇ de las Calzadas;42,34017;-3,83422;828,6588;213;107;106
Castilla Le¢n;Burgos;Rebolledo de la Torre;42,68719;-4,227346;946,585;144;75;69
Castilla Le¢n;Burgos;Redecilla del Camino;42,43816;-3,065058;742,664;133;76;57
Castilla Le¢n;Burgos;Redecilla del Campo;42,46679;-3,115167;744,6154;75;42;33
Castilla Le¢n;Burgos;Regumiel de la Sierra;41,95593;-2,987816;1119,525;433;220;213
Castilla Le¢n;Burgos;Reinoso;42,51133;-3,381955;857,253;15;11;4
Castilla Le¢n;Burgos;Retuerta;42,02995;-3,507748;898,2924;66;41;25
Castilla Le¢n;Burgos;Revilla del Campo;42,21154;-3,5374;943,8928;119;68;51
Castilla Le¢n;Burgos;Revilla Vallejera;42,14722;-4,134238;790,5965;87;54;33
Castilla Le¢n;Burgos;Revilla y Ahedo (La);41,99827;-3,351927;1016,2;143;79;64
Castilla Le¢n;Burgos;Revillarruz;42,23075;-3,6538;887,4633;443;234;209
Castilla Le¢n;Burgos;Rezmondo;42,51596;-4,238618;829,0405;20;9;11
Castilla Le¢n;Burgos;Riocavado de la Sierra;42,15218;-3,198172;1138,1;60;36;24
Castilla Le¢n;Burgos;Roa;41,69711;-3,928005;816,1801;2495;1303;1192
Castilla Le¢n;Burgos;Rojas;42,57769;-3,4409;722,4857;81;50;31
Castilla Le¢n;Burgos;Royuela de R°o Franco;41,99681;-3,956869;836,2991;244;140;104
Castilla Le¢n;Burgos;Rubena;42,38781;-3,574296;907,232;200;113;87
Castilla Le¢n;Burgos;Rublacedo de Abajo;42,55323;-3,502227;791,6646;34;20;14
Castilla Le¢n;Burgos;Rucandio;42,75172;-3,54248;814,6119;85;44;41
Castilla Le¢n;Burgos;Salas de Bureba;42,69194;-3,473988;636,4282;138;81;57
Castilla Le¢n;Burgos;Salas de los Infantes;42,02327;-3,286438;955,1323;2140;1107;1033
Castilla Le¢n;Burgos;Salda§a de Burgos;42,25925;-3,697733;865,5466;185;104;81
Castilla Le¢n;Burgos;Salinillas de Bureba;42,55315;-3,386741;864,7104;51;32;19
Castilla Le¢n;Burgos;San Adri†n de Juarros;42,2742;-3,475125;1046,845;67;38;29
Castilla Le¢n;Burgos;San Juan del Monte;41,6844;-3,521135;840,6755;148;80;68
Castilla Le¢n;Burgos;San MamÇs de Burgos;42,33744;-3,794107;839,3281;291;161;130
Castilla Le¢n;Burgos;San Mart°n de Rubiales;41,64256;-3,993453;807,8439;190;111;79
Castilla Le¢n;Burgos;San Mill†n de Lara;42,13653;-3,345795;1091,387;75;53;22
Castilla Le¢n;Burgos;San Vicente del Valle;42,3372;-3,162195;959,6901;37;22;15
Castilla Le¢n;Burgos;Santa Cecilia;42,05219;-3,803176;838,1049;105;64;41
Castilla Le¢n;Burgos;Santa Cruz de la Salceda;41,59478;-3,594756;877,335;170;100;70
Castilla Le¢n;Burgos;Santa Cruz del Valle Urbi¢n;42,30286;-3,22192;966,4688;101;61;40
Castilla Le¢n;Burgos;Santa Gadea del Cid;42,71543;-3,059203;504,1093;156;86;70
Castilla Le¢n;Burgos;Santa InÇs;42,03945;-3,702686;855,8006;154;84;70
Castilla Le¢n;Burgos;Santa Mar°a del Campo;42,13218;-3,974421;820,0243;700;377;323
Castilla Le¢n;Burgos;Santa Mar°a del Invierno;42,44278;-3,437732;856,8571;64;45;19
Castilla Le¢n;Burgos;Santa Mar°a del Mercadillo;41,85995;-3,559022;961,0493;150;89;61
Castilla Le¢n;Burgos;Santa Mar°a Rivarredonda;42,6401;-3,180049;687,293;113;67;46
Castilla Le¢n;Burgos;Santa Olalla de Bureba;42,47622;-3,440882;842,1753;39;26;13
Castilla Le¢n;Burgos;Santib†§ez de Esgueva;41,83353;-3,75887;916,1117;126;66;60
Castilla Le¢n;Burgos;Santib†§ez del Val;41,97408;-3,480564;940,0613;65;37;28
Castilla Le¢n;Burgos;Santo Domingo de Silos;41,96238;-3,419734;1003,193;319;197;122
Castilla Le¢n;Burgos;Sargentes de la Lora;42,76923;-3,872826;1016,58;151;85;66
Castilla Le¢n;Burgos;Sarrac°n;42,25746;-3,685354;861,6798;298;165;133
Castilla Le¢n;Burgos;Sasam¢n;42,41784;-4,043491;822,8265;1207;672;535
Castilla Le¢n;Burgos;Sequera de Haza (La);41,56364;-3,817178;865,857;37;24;13
Castilla Le¢n;Burgos;Solarana;41,97002;-3,660142;903,6647;107;57;50
Castilla Le¢n;Burgos;Sordillos;42,46181;-4,107079;820,5914;33;20;13
Castilla Le¢n;Burgos;Sotillo de la Ribera;41,77686;-3,826122;846,7383;588;331;257
Castilla Le¢n;Burgos;Sotragero;42,40995;-3,713181;848,6204;254;138;116
Castilla Le¢n;Burgos;Sotresgudo;42,57833;-4,177177;867,8129;543;315;228
Castilla Le¢n;Burgos;Susinos del P†ramo;42,47124;-3,925125;891,6351;118;74;44
Castilla Le¢n;Burgos;Tamar¢n;42,27272;-3,990991;819,7283;47;28;19
Castilla Le¢n;Burgos;Tardajos;42,34735;-3,819411;820,7985;843;452;391
Castilla Le¢n;Burgos;Tejada;41,95241;-3,536148;1088,137;40;24;16
Castilla Le¢n;Burgos;Terradillos de Esgueva;41,81919;-3,842888;871,492;113;59;54
Castilla Le¢n;Burgos;Tinieblas de la Sierra;42,17256;-3,363317;1117,56;43;24;19
Castilla Le¢n;Burgos;Tobar;42,48387;-3,938603;881,2235;32;20;12
Castilla Le¢n;Burgos;Tord¢mar;42,04587;-3,864727;810,6567;371;210;161
Castilla Le¢n;Burgos;Torrecilla del Monte;42,09386;-3,694269;940,4993;75;39;36
Castilla Le¢n;Burgos;Torregalindo;41,58224;-3,753572;837,1947;149;88;61
Castilla Le¢n;Burgos;Torrelara;42,16608;-3,516533;994,3602;24;15;9
Castilla Le¢n;Burgos;Torrepadre;42,04362;-3,936996;804,0082;86;53;33
Castilla Le¢n;Burgos;Torresandino;41,82946;-3,910012;855,1797;740;398;342
Castilla Le¢n;Burgos;T¢rtoles de Esgueva;41,81652;-4,020943;847,5756;506;262;244
Castilla Le¢n;Burgos;Tosantos;42,41386;-3,243547;821,4364;53;30;23
Castilla Le¢n;Burgos;Trespaderne;42,8019;-3,391455;553,7908;1131;607;524
Castilla Le¢n;Burgos;Tubilla del Agua;42,70913;-3,803644;765,2631;176;102;74
Castilla Le¢n;Burgos;Tubilla del Lago;41,80146;-3,586656;890,4365;154;90;64
Castilla Le¢n;Burgos;Èrbel del Castillo;42,62002;-3,843711;939,2537;96;58;38
Castilla Le¢n;Burgos;Vadocondes;41,63945;-3,573707;811,2837;415;224;191
Castilla Le¢n;Burgos;Valdeande;41,83434;-3,527793;953,6688;119;73;46
Castilla Le¢n;Burgos;Valdezate;41,60155;-3,930578;819,2969;155;80;75
Castilla Le¢n;Burgos;Valdorros;42,17222;-3,708914;902,2606;280;155;125
Castilla Le¢n;Burgos;Vallarta de Bureba;42,58826;-3,204902;716,6888;50;29;21
Castilla Le¢n;Burgos;Valle de las Navas;42,45806;-3,638333;880,0316;624;347;277
Castilla Le¢n;Burgos;Valle de Losa;42,98667;-3,219167;697,9474;622;368;254
Castilla Le¢n;Burgos;Valle de Manzanedo;42,89895;-3,690677;620,3103;131;69;62
Castilla Le¢n;Burgos;Valle de Mena;43,1;-3,283333;316,4509;3926;2008;1918
Castilla Le¢n;Burgos;Valle de Oca;42,43333;-3,316667;861,2545;192;108;84
Castilla Le¢n;Burgos;Valle de Santib†§ez;42,48272;-3,822472;956,8112;561;312;249
Castilla Le¢n;Burgos;Valle de Sedano;42,71544;-3,749611;758,8844;504;288;216
Castilla Le¢n;Burgos;Valle de Tobalina;42,792;-3,271;551,9635;1023;542;481
Castilla Le¢n;Burgos;Valle de Valdebezana;42,97055;-3,785833;837,9944;613;335;278
Castilla Le¢n;Burgos;Valle de Valdelaguna;42,11555;-3,145555;1153,362;207;128;79
Castilla Le¢n;Burgos;Valle de Valdelucio;42,71822;-4,092333;956,92;347;183;164
Castilla Le¢n;Burgos;Valle de Zamanzas;42,85333;-3,749722;732,0581;69;38;31
Castilla Le¢n;Burgos;Vallejera;42,18224;-4,151447;809,662;48;30;18
Castilla Le¢n;Burgos;Valles de Palenzuela;42,11949;-4,076557;800,1052;90;48;42
Castilla Le¢n;Burgos;ValluÇrcanes;42,57304;-3,119017;702,7288;90;53;37
Castilla Le¢n;Burgos;Valmala;42,30535;-3,25509;992,0233;32;16;16
Castilla Le¢n;Burgos;Vid de Bureba (La);42,63091;-3,300676;695,98;32;17;15
Castilla Le¢n;Burgos;Vid y Barrios (La);41,62967;-3,490485;821,0573;276;159;117
Castilla Le¢n;Burgos;Vile§a;42,62206;-3,323521;664,5483;33;20;13
Castilla Le¢n;Burgos;Villadiego;42,51575;-4,010096;839,8806;1764;954;810
Castilla Le¢n;Burgos;Villaescusa de Roa;41,72776;-4,016985;897,6312;153;85;68
Castilla Le¢n;Burgos;Villaescusa la Sombr°a;42,41518;-3,418952;905,8726;66;45;21
Castilla Le¢n;Burgos;Villaespasa;42,09895;-3,402259;960,8056;19;9;10
Castilla Le¢n;Burgos;Villafranca Montes de Oca;42,38651;-3,309347;957,1002;140;78;62
Castilla Le¢n;Burgos;Villafruela;41,91651;-3,913288;909,7965;236;136;100
Castilla Le¢n;Burgos;Villagalijo;42,34863;-3,191916;896,4912;76;49;27
Castilla Le¢n;Burgos;Villagonzalo Pedernales;42,30135;-3,736424;901,259;1529;825;704
Castilla Le¢n;Burgos;Villahoz;42,07693;-3,912524;825,1154;361;190;171
Castilla Le¢n;Burgos;Villalba de Duero;41,6824;-3,745252;812,4379;680;359;321
Castilla Le¢n;Burgos;Villalbilla de Burgos;42,34708;-3,779343;840,6373;946;523;423
Castilla Le¢n;Burgos;Villalbilla de Gumiel;41,80642;-3,626274;912,6685;110;68;42
Castilla Le¢n;Burgos;Villaldemiro;42,2471;-3,984738;808,5146;74;41;33
Castilla Le¢n;Burgos;Villalmanzo;42,04841;-3,741645;856,2233;431;224;207
Castilla Le¢n;Burgos;Villamayor de los Montes;42,10576;-3,766267;886,0144;212;109;103
Castilla Le¢n;Burgos;Villamayor de Trevi§o;42,4595;-4,119967;820,1368;101;56;45
Castilla Le¢n;Burgos;Villambistia;42,40631;-3,262168;853,298;54;31;23
Castilla Le¢n;Burgos;Villamedianilla;42,16063;-4,146362;799,8643;19;10;9
Castilla Le¢n;Burgos;Villamiel de la Sierra;42,19164;-3,41759;1149,774;35;20;15
Castilla Le¢n;Burgos;Villang¢mez;42,17881;-3,776208;845,0154;261;158;103
Castilla Le¢n;Burgos;Villanueva de Arga§o;42,3799;-3,93297;837,6054;117;70;47
Castilla Le¢n;Burgos;Villanueva de Carazo;41,98323;-3,324481;1059,717;35;19;16
Castilla Le¢n;Burgos;Villanueva de Gumiel;41,73724;-3,626348;844,9825;281;149;132
Castilla Le¢n;Burgos;Villanueva de Teba;42,64913;-3,162595;722,023;49;32;17
Castilla Le¢n;Burgos;Villaquir†n de la Puebla;42,2832;-4,101557;812,8803;52;29;23
Castilla Le¢n;Burgos;Villaquir†n de los Infantes;42,22715;-4,008459;814,3567;171;91;80
Castilla Le¢n;Burgos;Villarcayo de Merindad de Castilla la Vieja;42,9383;-3,572985;598,8633;4820;2542;2278
Castilla Le¢n;Burgos;Villariezo;42,26958;-3,733035;862,4636;512;290;222
Castilla Le¢n;Burgos;Villasandino;42,37226;-4,109077;792,2771;223;129;94
Castilla Le¢n;Burgos;Villasur de Herreros;42,30821;-3,395027;1030,04;290;163;127
Castilla Le¢n;Burgos;Villatuelda;41,81512;-3,882187;858,7932;52;31;21
Castilla Le¢n;Burgos;Villaverde-Mogina;42,1601;-4,050792;773,155;98;60;38
Castilla Le¢n;Burgos;Villaverde del Monte;42,16069;-3,814537;848,5208;169;96;73
Castilla Le¢n;Burgos;Villayerno Morquillas;42,39547;-3,639612;911,3355;215;126;89
Castilla Le¢n;Burgos;Villazopeque;42,19885;-4,016426;782,1231;68;41;27
Castilla Le¢n;Burgos;Villegas;42,46752;-4,017189;823;99;58;41
Castilla Le¢n;Burgos;Villoruebo;42,16848;-3,441567;1121,721;59;39;20
Castilla Le¢n;Burgos;Viloria de Rioja;42,42577;-3,100409;797,8878;50;28;22
Castilla Le¢n;Burgos;Vilviestre del Pinar;41,95218;-3,078111;1125,399;743;413;330
Castilla Le¢n;Burgos;Vizca°nos;42,10159;-3,267122;1025,813;49;31;18
Castilla Le¢n;Burgos;Zael;42,10968;-3,823925;843,672;117;62;55
Castilla Le¢n;Burgos;Zarzosa de R°o Pisuerga;42,53617;-4,268831;821,7172;38;24;14
Castilla Le¢n;Burgos;Zazuar;41,69591;-3,555112;839,9166;255;136;119
Castilla Le¢n;Burgos;Zu§eda;42,60449;-3,226378;719,7062;60;35;25
